name	value
Technology	0.349622610023043
Basic Industries	-2.60501581362199
Capital Goods	0.441921187560442
Consumer Non-Durables	2.48808075363723
Consumer Services	0.818873634566333
Energy	-4.24821868724423
Finance	0.236810003337201
Health Care	-1.22157082865578
Miscellaneous	-2.05406713883011
Public Utilities	3.70817997033459
Transportation	-4.96968802041033
