name	value
Technology	0.702595001831161
Basic Industries	-0.426272213063225
Capital Goods	0.342759721272314
Consumer Non-Durables	0.239986569908981
Consumer Services	0.146937839972773
Energy	-0.422242503546181
Finance	-0.411783619965277
Health Care	0.662846595220235
Miscellaneous	0.189003675651635
Public Utilities	-0.577817692815783
Transportation	0.714404940744445
