name	value
Technology	8.50396076505771
Basic Industries	2.32312170649296
Capital Goods	11.8423930936498
Consumer Non-Durables	3.04191457067668
Consumer Services	-1.96877792288133
Energy	-14.8416020994752
Finance	6.60025214446394
Health Care	14.1513416532546
Miscellaneous	10.7481993351391
Public Utilities	7.45720580758148
Transportation	0.497200669530547
